year,marks,category,rank,opening_rank,closing_rank
2022,157.0,EW,52,52,104
2022,142.0,EW,104,104,131
2022,133.0,EW,131,131,191
2022,122.0,EW,191,191,200
2022,120.0,EW,200,200,211
2022,118.0,EW,211,211,258
2022,108.0,EW,258,258,405
2022,85.0,EW,405,405,405
2022,186.0,OP,1,1,2
2022,183.0,OP,2,2,3
2022,180.0,OP,3,3,4
2022,179.0,OP,4,4,5
2022,177.0,OP,5,5,6
2022,175.0,OP,6,6,9
2022,172.0,OP,9,9,12
2022,170.0,OP,12,12,14
2022,168.0,OP,14,14,15
2022,167.0,OP,15,15,16
2022,166.0,OP,16,16,22
2022,164.0,OP,22,22,27
2022,163.0,OP,27,27,31
2022,162.0,OP,31,31,37
2022,160.0,OP,37,37,41
2022,159.0,OP,41,41,45
2022,158.0,OP,45,45,54
2022,156.0,OP,54,54,56
2022,155.0,OP,56,56,61
2022,154.0,OP,61,61,64
2022,153.0,OP,64,64,73
2022,151.0,OP,73,73,76
2022,150.0,OP,76,76,78
2022,149.0,OP,78,78,83
2022,148.0,OP,83,83,91
2022,147.0,OP,91,91,87
2022,146.0,OP,87,87,93
2022,145.0,OP,93,93,100
2022,144.0,OP,100,100,102
2022,143.0,OP,102,102,106
2022,140.0,OP,106,106,115
2022,139.0,OP,115,115,118
2022,137.0,OP,118,118,125
2022,136.0,OP,125,125,129
2022,135.0,OP,129,129,132
2022,134.0,OP,132,132,140
2022,131.0,OP,140,140,152
2022,130.0,OP,152,152,166
2022,127.0,OP,166,166,170
2022,126.0,OP,170,170,178
2022,125.0,OP,178,178,180
2022,124.0,OP,180,180,181
2022,123.0,OP,181,181,188
2022,121.0,OP,188,188,206
2022,119.0,OP,206,206,213
2022,117.0,OP,213,213,220
2022,116.0,OP,220,220,226
2022,114.0,OP,226,226,235
2022,112.0,OP,235,235,246
2022,111.0,OP,246,246,248
2022,110.0,OP,248,248,253
2022,109.0,OP,253,253,264
2022,107.0,OP,264,264,270
2022,106.0,OP,270,270,274
2022,105.0,OP,274,274,283
2022,103.0,OP,283,283,285
2022,102.0,OP,285,285,293
2022,101.0,OP,293,293,308
2022,100.0,OP,308,308,315
2022,98.0,OP,315,315,326
2022,96.0,OP,326,326,339
2022,95.0,OP,339,339,343
2022,93.0,OP,343,343,354
2022,92.0,OP,354,354,374
2022,90.0,OP,374,374,388
2022,88.0,OP,388,388,387
2022,87.0,OP,387,387,403
2022,86.0,OP,403,403,404
2022,84.0,OP,404,404,394
2022,83.0,OP,394,394,419
2022,80.0,OP,419,419,419
2022,128.0,SC,160,160,373
2022,89.0,SC,373,373,417
2022,82.0,SC,417,417,417
2022,152.0,SEBC,65,65,103
2022,141.0,SEBC,103,103,120
2022,138.0,SEBC,120,120,142
2022,132.0,SEBC,142,142,156
2022,129.0,SEBC,156,156,238
2022,113.0,SEBC,238,238,277
2022,104.0,SEBC,277,277,323
2022,99.0,SEBC,323,323,336
2022,97.0,SEBC,336,336,350
2022,94.0,SEBC,350,350,369
2022,91.0,SEBC,369,369,424
2022,81.0,SEBC,424,424,424
2022,115.0,ST,221,221,221
2023,160.0,EW,52,52,104
2023,145.0,EW,104,104,131
2023,136.0,EW,131,131,191
2023,125.0,EW,191,191,200
2023,123.0,EW,200,200,211
2023,121.0,EW,211,211,258
2023,111.0,EW,258,258,405
2023,88.0,EW,405,405,445
2023,79.0,EW,445,445,522
2023,68.0,EW,522,522,747
2023,43.0,EW,747,747,747
2023,188.0,OP,1,1,2
2023,185.0,OP,2,2,3
2023,182.0,OP,3,3,4
2023,181.0,OP,4,4,5
2023,179.0,OP,5,5,6
2023,177.0,OP,6,6,9
2023,175.0,OP,9,9,12
2023,173.0,OP,12,12,14
2023,171.0,OP,14,14,15
2023,170.0,OP,15,15,16
2023,169.0,OP,16,16,22
2023,167.0,OP,22,22,27
2023,166.0,OP,27,27,31
2023,165.0,OP,31,31,37
2023,163.0,OP,37,37,41
2023,162.0,OP,41,41,45
2023,161.0,OP,45,45,54
2023,159.0,OP,54,54,56
2023,158.0,OP,56,56,61
2023,157.0,OP,61,61,64
2023,156.0,OP,64,64,73
2023,154.0,OP,73,73,76
2023,153.0,OP,76,76,78
2023,152.0,OP,78,78,83
2023,151.0,OP,83,83,91
2023,150.0,OP,91,91,87
2023,149.0,OP,87,87,93
2023,148.0,OP,93,93,100
2023,147.0,OP,100,100,102
2023,146.0,OP,102,102,106
2023,143.0,OP,106,106,115
2023,142.0,OP,115,115,118
2023,140.0,OP,118,118,125
2023,139.0,OP,125,125,129
2023,138.0,OP,129,129,132
2023,137.0,OP,132,132,140
2023,134.0,OP,140,140,152
2023,133.0,OP,152,152,166
2023,130.0,OP,166,166,170
2023,129.0,OP,170,170,178
2023,128.0,OP,178,178,180
2023,127.0,OP,180,180,181
2023,126.0,OP,181,181,188
2023,124.0,OP,188,188,206
2023,122.0,OP,206,206,213
2023,120.0,OP,213,213,220
2023,119.0,OP,220,220,226
2023,117.0,OP,226,226,235
2023,115.0,OP,235,235,246
2023,114.0,OP,246,246,248
2023,113.0,OP,248,248,253
2023,112.0,OP,253,253,264
2023,110.0,OP,264,264,270
2023,109.0,OP,270,270,274
2023,108.0,OP,274,274,283
2023,106.0,OP,283,283,285
2023,105.0,OP,285,285,293
2023,104.0,OP,293,293,308
2023,103.0,OP,308,308,315
2023,101.0,OP,315,315,326
2023,99.0,OP,326,326,339
2023,98.0,OP,339,339,343
2023,96.0,OP,343,343,354
2023,95.0,OP,354,354,374
2023,93.0,OP,374,374,388
2023,91.0,OP,388,388,387
2023,90.0,OP,387,387,403
2023,89.0,OP,403,403,404
2023,87.0,OP,404,404,394
2023,86.0,OP,394,394,419
2023,83.0,OP,419,419,447
2023,77.0,OP,447,447,461
2023,76.0,OP,461,461,482
2023,75.0,OP,482,482,477
2023,74.0,OP,477,477,517
2023,69.0,OP,517,517,526
2023,67.0,OP,526,526,544
2023,66.0,OP,544,544,540
2023,65.0,OP,540,540,548
2023,64.0,OP,548,548,558
2023,63.0,OP,558,558,572
2023,61.0,OP,572,572,582
2023,60.0,OP,582,582,583
2023,59.0,OP,583,583,606
2023,58.0,OP,606,606,594
2023,57.0,OP,594,594,623
2023,55.0,OP,623,623,647
2023,54.0,OP,647,647,671
2023,53.0,OP,671,671,684
2023,52.0,OP,684,684,701
2023,50.0,OP,701,701,704
2023,49.0,OP,704,704,722
2023,48.0,OP,722,722,719
2023,47.0,OP,719,719,739
2023,46.0,OP,739,739,758
2023,45.0,OP,758,758,750
2023,44.0,OP,750,750,765
2023,42.0,OP,765,765,791
2023,41.0,OP,791,791,808
2023,39.0,OP,808,808,832
2023,37.0,OP,832,832,844
2023,36.0,OP,844,844,850
2023,35.0,OP,850,850,850
2023,131.0,SC,160,160,373
2023,92.0,SC,373,373,417
2023,85.0,SC,417,417,435
2023,81.0,SC,435,435,498
2023,73.0,SC,498,498,493
2023,72.0,SC,493,493,503
2023,71.0,SC,503,503,511
2023,70.0,SC,511,511,573
2023,62.0,SC,573,573,793
2023,40.0,SC,793,793,793
2023,155.0,SEBC,65,65,103
2023,144.0,SEBC,103,103,120
2023,141.0,SEBC,120,120,142
2023,135.0,SEBC,142,142,156
2023,132.0,SEBC,156,156,238
2023,116.0,SEBC,238,238,277
2023,107.0,SEBC,277,277,323
2023,102.0,SEBC,323,323,336
2023,100.0,SEBC,336,336,350
2023,97.0,SEBC,350,350,369
2023,94.0,SEBC,369,369,424
2023,84.0,SEBC,424,424,431
2023,82.0,SEBC,431,431,438
2023,80.0,SEBC,438,438,453
2023,78.0,SEBC,453,453,611
2023,56.0,SEBC,611,611,691
2023,51.0,SEBC,691,691,823
2023,38.0,SEBC,823,823,823
2023,118.0,ST,221,221,221
2024,177.5,EW,12,12,52
2024,165.5,EW,52,52,55
2024,165.0,EW,55,55,104
2024,160.0,EW,104,104,131
2024,157.5,EW,131,131,191
2024,152.5,EW,191,191,198
2024,152.0,EW,198,198,211
2024,151.0,EW,211,211,258
2024,148.5,EW,258,258,350
2024,143.0,EW,350,350,405
2024,140.5,EW,405,405,426
2024,139.0,EW,426,426,445
2024,138.5,EW,445,445,522
2024,135.5,EW,522,522,587
2024,133.0,EW,587,587,691
2024,129.0,EW,691,691,747
2024,127.0,EW,747,747,1069
2024,118.5,EW,1069,1069,1113
2024,117.5,EW,1113,1113,1261
2024,114.0,EW,1261,1261,1614
2024,107.0,EW,1614,1614,2445
2024,95.5,EW,2445,2445,2616
2024,93.5,EW,2616,2616,3022
2024,89.5,EW,3022,3022,4654
2024,77.0,EW,4654,4654,4654
2024,190.5,OP,1,1,2
2024,186.0,OP,2,2,3
2024,183.5,OP,3,3,5
2024,182.5,OP,5,5,6
2024,180.5,OP,6,6,9
2024,178.5,OP,9,9,12
2024,177.5,OP,12,12,14
2024,174.5,OP,14,14,15
2024,174.0,OP,15,15,16
2024,173.5,OP,16,16,22
2024,172.0,OP,22,22,27
2024,171.5,OP,27,27,31
2024,171.0,OP,31,31,37
2024,169.0,OP,37,37,38
2024,168.5,OP,38,38,41
2024,167.5,OP,41,41,45
2024,167.0,OP,45,45,54
2024,165.0,OP,54,54,61
2024,164.0,OP,61,61,64
2024,163.5,OP,64,64,73
2024,163.0,OP,73,73,76
2024,162.5,OP,76,76,83
2024,162.0,OP,83,83,87
2024,161.5,OP,87,87,93
2024,161.0,OP,93,93,100
2024,160.5,OP,100,100,102
2024,160.0,OP,102,102,106
2024,159.5,OP,106,106,115
2024,159.0,OP,115,115,118
2024,158.5,OP,118,118,125
2024,158.0,OP,125,125,129
2024,157.5,OP,129,129,140
2024,157.0,OP,140,140,152
2024,156.5,OP,152,152,166
2024,154.5,OP,166,166,170
2024,154.0,OP,170,170,178
2024,153.5,OP,178,178,188
2024,152.5,OP,188,188,203
2024,151.5,OP,203,203,213
2024,151.0,OP,213,213,220
2024,150.5,OP,220,220,226
2024,150.0,OP,226,226,235
2024,149.5,OP,235,235,246
2024,149.0,OP,246,246,253
2024,148.5,OP,253,253,264
2024,148.0,OP,264,264,274
2024,147.5,OP,274,274,283
2024,146.5,OP,283,283,293
2024,146.0,OP,293,293,308
2024,145.0,OP,308,308,315
2024,144.5,OP,315,315,326
2024,144.0,OP,326,326,339
2024,143.5,OP,339,339,343
2024,143.0,OP,343,343,354
2024,142.5,OP,354,354,374
2024,141.5,OP,374,374,387
2024,141.0,OP,387,387,394
2024,140.5,OP,394,394,419
2024,139.5,OP,419,419,447
2024,138.0,OP,447,447,461
2024,137.5,OP,461,461,477
2024,137.0,OP,477,477,517
2024,135.5,OP,517,517,540
2024,135.0,OP,540,540,548
2024,134.5,OP,548,548,558
2024,134.0,OP,558,558,572
2024,133.5,OP,572,572,582
2024,133.0,OP,582,582,594
2024,132.5,OP,594,594,623
2024,131.0,OP,623,623,647
2024,130.5,OP,647,647,671
2024,130.0,OP,671,671,684
2024,129.5,OP,684,684,701
2024,128.5,OP,701,701,719
2024,128.0,OP,719,719,739
2024,127.5,OP,739,739,750
2024,127.0,OP,750,750,765
2024,126.5,OP,765,765,791
2024,126.0,OP,791,791,808
2024,125.5,OP,808,808,832
2024,124.5,OP,832,832,844
2024,124.0,OP,844,844,862
2024,123.5,OP,862,862,887
2024,123.0,OP,887,887,900
2024,122.5,OP,900,900,908
2024,122.0,OP,908,908,940
2024,121.5,OP,940,940,954
2024,121.0,OP,954,954,988
2024,120.0,OP,988,988,1024
2024,119.5,OP,1024,1024,1046
2024,119.0,OP,1046,1046,1060
2024,118.5,OP,1060,1060,1080
2024,118.0,OP,1080,1080,1110
2024,117.5,OP,1110,1110,1126
2024,117.0,OP,1126,1126,1143
2024,116.5,OP,1143,1143,1165
2024,116.0,OP,1165,1165,1190
2024,115.5,OP,1190,1190,1212
2024,115.0,OP,1212,1212,1229
2024,114.5,OP,1229,1229,1268
2024,113.5,OP,1268,1268,1303
2024,113.0,OP,1303,1303,1315
2024,112.5,OP,1315,1315,1323
2024,112.0,OP,1323,1323,1343
2024,111.5,OP,1343,1343,1387
2024,111.0,OP,1387,1387,1424
2024,110.5,OP,1424,1424,1435
2024,110.0,OP,1435,1435,1472
2024,109.5,OP,1472,1472,1496
2024,109.0,OP,1496,1496,1519
2024,108.5,OP,1519,1519,1561
2024,108.0,OP,1561,1561,1581
2024,107.5,OP,1581,1581,1608
2024,107.0,OP,1608,1608,1639
2024,106.5,OP,1639,1639,1682
2024,106.0,OP,1682,1682,1705
2024,105.5,OP,1705,1705,1723
2024,105.0,OP,1723,1723,1773
2024,104.5,OP,1773,1773,1826
2024,103.5,OP,1826,1826,1845
2024,103.0,OP,1845,1845,1910
2024,102.5,OP,1910,1910,1921
2024,102.0,OP,1921,1921,1979
2024,101.5,OP,1979,1979,2007
2024,101.0,OP,2007,2007,2068
2024,100.5,OP,2068,2068,2090
2024,100.0,OP,2090,2090,2191
2024,99.0,OP,2191,2191,2221
2024,98.5,OP,2221,2221,2267
2024,98.0,OP,2267,2267,2282
2024,97.5,OP,2282,2282,2506
2024,95.0,OP,2506,2506,2572
2024,94.0,OP,2572,2572,2696
2024,93.0,OP,2696,2696,2707
2024,92.5,OP,2707,2707,2797
2024,92.0,OP,2797,2797,2846
2024,91.5,OP,2846,2846,2869
2024,91.0,OP,2869,2869,2915
2024,90.5,OP,2915,2915,2963
2024,90.0,OP,2963,2963,3041
2024,89.5,OP,3041,3041,3068
2024,89.0,OP,3068,3068,3132
2024,88.5,OP,3132,3132,3176
2024,88.0,OP,3176,3176,3238
2024,87.5,OP,3238,3238,3296
2024,87.0,OP,3296,3296,3417
2024,86.5,OP,3417,3417,3400
2024,86.0,OP,3400,3400,3447
2024,85.5,OP,3447,3447,3502
2024,85.0,OP,3502,3502,3610
2024,84.5,OP,3610,3610,3711
2024,83.5,OP,3711,3711,3805
2024,83.0,OP,3805,3805,3889
2024,82.5,OP,3889,3889,3955
2024,81.5,OP,3955,3955,4040
2024,81.0,OP,4040,4040,4083
2024,80.5,OP,4083,4083,4226
2024,80.0,OP,4226,4226,4272
2024,79.5,OP,4272,4272,4370
2024,79.0,OP,4370,4370,4436
2024,78.5,OP,4436,4436,4484
2024,78.0,OP,4484,4484,4605
2024,77.5,OP,4605,4605,4710
2024,77.0,OP,4710,4710,4770
2024,76.5,OP,4770,4770,4860
2024,75.5,OP,4860,4860,5015
2024,75.0,OP,5015,5015,5068
2024,74.5,OP,5068,5068,5154
2024,74.0,OP,5154,5154,5299
2024,73.5,OP,5299,5299,5391
2024,73.0,OP,5391,5391,5477
2024,72.5,OP,5477,5477,5603
2024,72.0,OP,5603,5603,5698
2024,71.5,OP,5698,5698,5753
2024,71.0,OP,5753,5753,5872
2024,70.5,OP,5872,5872,5915
2024,70.0,OP,5915,5915,6097
2024,69.5,OP,6097,6097,6212
2024,69.0,OP,6212,6212,6296
2024,68.5,OP,6296,6296,6417
2024,68.0,OP,6417,6417,6492
2024,67.5,OP,6492,6492,6641
2024,67.0,OP,6641,6641,6744
2024,66.5,OP,6744,6744,6865
2024,66.0,OP,6865,6865,6981
2024,65.5,OP,6981,6981,7125
2024,65.0,OP,7125,7125,7268
2024,64.5,OP,7268,7268,7348
2024,64.0,OP,7348,7348,7432
2024,63.5,OP,7432,7432,7583
2024,63.0,OP,7583,7583,7780
2024,62.5,OP,7780,7780,7892
2024,62.0,OP,7892,7892,8016
2024,61.5,OP,8016,8016,8068
2024,61.0,OP,8068,8068,8229
2024,60.5,OP,8229,8229,8280
2024,60.0,OP,8280,8280,8623
2024,59.5,OP,8623,8623,8696
2024,59.0,OP,8696,8696,8840
2024,58.5,OP,8840,8840,8978
2024,58.0,OP,8978,8978,9202
2024,57.5,OP,9202,9202,9351
2024,57.0,OP,9351,9351,9447
2024,56.5,OP,9447,9447,9567
2024,56.0,OP,9567,9567,9658
2024,55.5,OP,9658,9658,9925
2024,55.0,OP,9925,9925,10014
2024,54.5,OP,10014,10014,10074
2024,54.0,OP,10074,10074,10225
2024,53.5,OP,10225,10225,10274
2024,53.0,OP,10274,10274,10640
2024,52.5,OP,10640,10640,10765
2024,52.0,OP,10765,10765,10877
2024,51.5,OP,10877,10877,10959
2024,51.0,OP,10959,10959,11022
2024,50.5,OP,11022,11022,11353
2024,50.0,OP,11353,11353,11533
2024,49.5,OP,11533,11533,11592
2024,49.0,OP,11592,11592,11675
2024,48.5,OP,11675,11675,11800
2024,48.0,OP,11800,11800,11945
2024,47.5,OP,11945,11945,12244
2024,47.0,OP,12244,12244,12266
2024,46.5,OP,12266,12266,12409
2024,46.0,OP,12409,12409,12586
2024,45.5,OP,12586,12586,12652
2024,45.0,OP,12652,12652,12847
2024,44.5,OP,12847,12847,13024
2024,44.0,OP,13024,13024,13119
2024,43.5,OP,13119,13119,13197
2024,43.0,OP,13197,13197,13474
2024,42.5,OP,13474,13474,13639
2024,42.0,OP,13639,13639,13682
2024,41.5,OP,13682,13682,13860
2024,41.0,OP,13860,13860,13880
2024,40.5,OP,13880,13880,14242
2024,40.0,OP,14242,14242,14306
2024,39.5,OP,14306,14306,14403
2024,39.0,OP,14403,14403,14471
2024,38.5,OP,14471,14471,14586
2024,38.0,OP,14586,14586,14771
2024,37.5,OP,14771,14771,14860
2024,37.0,OP,14860,14860,14978
2024,36.0,OP,14978,14978,15123
2024,35.5,OP,15123,15123,15321
2024,35.0,OP,15321,15321,15553
2024,33.5,OP,15553,15553,15553
2024,33.0,OP,15553,15553,15768
2024,32.0,OP,15768,15768,15843
2024,31.5,OP,15843,15843,16060
2024,30.0,OP,16060,16060,16327
2024,27.5,OP,16327,16327,16411
2024,27.0,OP,16411,16411,16456
2024,26.5,OP,16456,16456,16761
2024,22.5,OP,16761,16761,16840
2024,21.5,OP,16840,16840,16879
2024,21.0,OP,16879,16879,16925
2024,20.0,OP,16925,16925,16925
2024,165.0,SC,70,70,73
2024,163.0,SC,73,73,103
2024,160.0,SC,103,103,160
2024,155.5,SC,160,160,373
2024,141.5,SC,373,373,417
2024,140.0,SC,417,417,435
2024,139.0,SC,435,435,493
2024,136.5,SC,493,493,503
2024,136.0,SC,503,503,573
2024,133.5,SC,573,573,708
2024,128.5,SC,708,708,793
2024,126.0,SC,793,793,977
2024,120.5,SC,977,977,1329
2024,112.0,SC,1329,1329,1457
2024,109.5,SC,1457,1457,1663
2024,106.0,SC,1663,1663,2040
2024,100.5,SC,2040,2040,2415
2024,96.0,SC,2415,2415,2543
2024,94.5,SC,2543,2543,3912
2024,82.0,SC,3912,3912,3912
2024,163.5,SEBC,65,65,103
2024,160.0,SEBC,103,103,120
2024,158.5,SEBC,120,120,142
2024,157.0,SEBC,142,142,156
2024,156.0,SEBC,156,156,238
2024,149.5,SEBC,238,238,277
2024,147.0,SEBC,277,277,323
2024,144.5,SEBC,323,323,336
2024,144.0,SEBC,336,336,350
2024,143.0,SEBC,350,350,369
2024,142.0,SEBC,369,369,424
2024,139.5,SEBC,424,424,431
2024,139.0,SEBC,431,431,438
2024,138.5,SEBC,438,438,453
2024,138.0,SEBC,453,453,611
2024,132.0,SEBC,611,611,691
2024,129.0,SEBC,691,691,823
2024,125.0,SEBC,823,823,1172
2024,116.0,SEBC,1172,1172,1792
2024,104.0,SEBC,1792,1792,2144
2024,99.5,SEBC,2144,2144,2342
2024,97.0,SEBC,2342,2342,2379
2024,96.5,SEBC,2379,2379,3625
2024,84.0,SEBC,3625,3625,3625
2024,150.5,ST,221,221,3321
2024,86.5,ST,3321,3321,3944
2024,82.0,ST,3944,3944,5621
2024,71.5,ST,5621,5621,5621
